{"version":"0.1.0","opaqueMeshVertices":[642.56067,295.81802,0,640.56067,298.18198,0,639,296,0,641.93933,295.56067,0,363,284,0,363,281,0,365.818,282.56067,0,363.37866,284,0,196.43935,276,0,192,274,0,195.43935,272.56067,0,196.43935,274.7678,0,977.43933,188.93935,0,979,192,0,984,190,0,982,187,0,977.93933,188.43935,0,1122.5607,220.06065,0,1120,216,0,1116.4393,217.93935,0,1116.9393,220.56065,0,1122.0607,220.56065,0,821,218,0,808.62134,220,0,802.12134,215.5,0,811.37866,212,0,823.87866,215.5,0,821.43933,216.93935,0,879.93933,224.43935,0,871.5,224.87868,0,866,222,0,879.5,221.12132,0,880,224.37868,0,771,195,0,775,196.37868,0,769.62134,198,0,770.56067,195,0,1022.06067,158.56065,0,1036.818,159.56065,0,1029.5607,164.81801,0,1026.4393,162.93935,0,1031,169,0,1038.0607,167.56065,0,1039.5607,164.18199,0,1046.0607,165.56065,0,1047,162,0,1055.0607,163.56065,0,1055.1213,160.5,0,1058.5,159.12132,0,1062,163,0,1063,158.56065,0,1066.9393,158.56065,0,1069,163,0,1079,160,0,1090,167,0,1097.3787,166,0,1098.9393,173.56065,0,1102.182,171.43935,0,1110.3535,172.85355,0,1119.8787,178.5,0,1119.4393,182.06065,0,1127.5607,186.81802,0,1127.4142,190,0,1124,187,0,1120.4393,187.93935,0,1121.4393,193.06065,0,1135.5,200.12132,0,1140,210.37868,0,1123.3787,224,0,1096.9393,226.43935,0,1096,230,0,1077.9393,231.43935,0,1076.4393,234.43935,0,1066,236.41422,0,1047,234,0,1024.5607,239,0,1022,236,0,995,237,0,991.93933,234.43935,0,973.37866,239,0,937.56067,238,0,938,234,0,951,232,0,952.56067,228.93935,0,937.62134,226,0,936.5962,220.02513,0,954.06067,214.56065,0,954.56067,209.93935,0,918.43933,204.81802,0,925.56067,202.06065,0,923,199,0,924.62134,198,0,952,202,0,954,199,0,951.182,197.43935,0,951.81805,194.56065,0,964.06067,190.56065,0,964.56067,187.93935,0,943,185,0,936.0251,189.40381,0,927,187,0,912.62134,188,0,916.62134,185,0,936,184,0,940.5,180.12132,0,949,181,0,972,175.58578,0,982.06067,176.56065,0,983,174,0,989.62134,173,0,1004,176,0,1009.56067,171,0,1018,174,0,1023.818,169.56065,0,1022.43933,173.06065,0,1028.0607,174.56065,0,1025.0607,166.43935,0,1020.43933,167.81801,0,1019.06067,163.43935,0,1007,163.37868,0,1015,163,0,1021.56067,158.76776,0],"opaqueMeshIndices":[31,32,28,31,28,29,31,29,30,25,26,27,25,27,22,25,22,23,25,23,24,34,35,36,34,36,33,1,2,3,1,3,0,4,5,6,4,6,7,8,9,10,8,10,11,107,108,14,14,108,109,14,109,78,78,109,110,78,110,77,77,110,76,107,14,15,107,15,16,107,16,12,107,12,106,101,102,100,100,102,103,100,103,99,99,103,104,99,104,98,98,104,105,98,105,97,97,105,106,97,106,79,79,106,12,79,12,78,78,12,13,78,13,14,79,80,81,79,81,82,79,82,83,79,83,86,79,86,87,79,87,96,79,96,97,121,37,116,116,37,40,116,40,115,115,40,41,115,41,74,74,41,42,74,42,43,68,69,20,68,20,21,68,21,17,68,17,66,68,66,67,53,54,70,70,54,55,70,55,69,69,55,56,69,56,20,20,56,57,20,57,19,19,57,58,19,58,60,60,58,59,51,52,72,72,52,53,72,53,71,71,53,70,73,74,46,73,46,47,73,47,48,73,48,49,73,49,50,73,50,51,73,51,72,74,43,44,74,44,45,74,45,46,111,112,76,76,112,114,76,114,75,75,114,115,75,115,74,19,60,18,18,60,64,18,64,17,17,64,65,17,65,66,63,64,60,63,60,61,63,61,62,40,37,38,40,38,39,119,120,118,118,120,121,118,121,117,117,121,116,90,91,89,89,91,92,89,92,87,87,92,93,87,93,96,96,93,95,84,85,86,84,86,83,95,93,94,89,87,88,76,110,111,114,112,113],"semiMeshVertices":[397.1728,409.2728,0,387.8421,413.59268,0,383.1657,407.76532,0,388.7446,401.9814,0,397.1728,406.7272,0,581.4618,45.83522,0,598.0073,44.83522,0,607.1664,54.080803,0,607.0398,46.495262,0,617.0043,39.716446,0,632.1921,42.6817,0,641.36847,38.31546,0,651.36865,41.41293,0,664.2868,31.647799,0,689.1298,31.923403,0,694.2207,21.871798,0,728.1992,20.88905,0,755.972,36.916256,0,757.42395,51.78561,0,751.384,57.03895,0,753.5626,61.49262,0,762.86707,66.34735,0,764.6349,72.0861,0,825.3079,83.31078,0,835.88477,91.82177,0,840.83057,90.458244,0,852.4538,95.12399,0,865.89667,109.128136,0,877.78894,106.43421,0,883.9192,99.90204,0,896.2509,97.59818,0,901.5568,93.37571,0,908.6025,95.8761,0,917.99646,91.014244,0,928.6119,94.21233,0,957.4136,90.33925,0,1002.652,111.40925,0,1023.70325,136.48265,0,1033.7496,139.92714,0,1048.6665,135.35075,0,1072.881,139.06139,0,1104.2927,137.30974,0,1119.0317,140.79955,0,1139.5317,157.29955,0,1140.4928,164.2266,0,1149.6971,177.22333,0,1156.6666,210.32175,0,1151.2327,226.31424,0,1139.3392,235.47723,0,1141.0586,247.26218,0,1134.384,258.88406,0,1082.148,276.1401,0,1076.111,274.67407,0,1061.9742,278.05234,0,1057.0612,287.87164,0,1062.1223,292.3917,0,1061.1223,298.9373,0,1045.2567,322.96036,0,1031.7567,340.46036,0,1025.5084,341.73886,0,1003.50275,358.66165,0,989.2504,359.45715,0,984.7746,355.52158,0,944.0375,367.5934,0,931.78577,364.5947,0,922.37933,357.03094,0,912.4959,357.43494,0,900.0439,352.9055,0,868.9566,360.19672,0,861.45123,353.03607,0,848.9861,350.08875,0,842.4861,339.58875,0,842.7276,332.404,0,826.7034,349.54794,0,827.6158,354.1431,0,823.0126,360.27768,0,820.0053,375.59482,0,810.09393,381.65118,0,806.5914,391.5123,0,789.6703,405.94186,0,759.09607,415.06784,0,736.301,416.68967,0,713.6043,414.68216,0,692.6491,408.29645,0,683.8218,415.07004,0,679.9324,422.7618,0,665.09576,427.60608,0,657.823,426.0789,0,652.7849,421.0057,0,648.5044,404.92108,0,633.3911,404.73294,0,625.38824,416.17126,0,617.6499,416.3745,0,606.6517,422.68616,0,598.9698,422.0761,0,588.94196,430.09525,0,568.3975,428.29007,0,558.2901,430.8561,0,554.7969,438.17953,0,545.10864,442.33444,0,529.79486,436.8332,0,500.07712,436.58887,0,486.16577,431.35663,0,477.59918,419.54874,0,417.43115,416.67883,0,407.87738,412.76443,0,405.35498,403.59128,0,410.6114,397.9714,0,402.79544,402.317,0,391.93607,401.51306,0,381.84454,394.5385,0,383.03955,382.90958,0,391.81235,377.8824,0,402.83856,377.79333,0,397.5508,362.5109,0,393.539,364.48047,0,386.01712,379.0426,0,348.6006,397.93747,0,348.29626,403.21896,0,340,409.69998,0,330,409.69998,0,322.2539,404.28915,0,284.252,400.20923,0,270.3781,389.43396,0,262.95154,388.10388,0,259.45963,376.72775,0,241.8218,364.05905,0,236.6445,346.58105,0,229.54033,335.67422,0,232.32697,307.4027,0,219.52611,308.16797,0,213.43468,302.9403,0,215.7026,292.5696,0,222.12315,289.50955,0,209.71333,279.8145,0,207.182,285.5174,0,198.64497,289.37616,0,184.42326,286.16388,0,179.63498,278.56958,0,182.17494,267.3471,0,168.73717,270.07812,0,156.58711,278.40048,0,139.56787,274.20804,0,136.83115,263.2935,0,142.4913,255.05359,0,157.5736,252.85675,0,162.49397,246.46231,0,156.31944,238.30495,0,155.55766,232.3583,0,159.27814,225.91618,0,173.16635,223.03778,0,178.4444,227.51482,0,174.49255,209.80028,0,175.18028,195.79543,0,171.90735,190.23065,0,181.85252,174.5336,0,174.83769,165.98448,0,176.6394,151.83887,0,184.1334,144.58319,0,199.33282,115.67931,0,213.51926,107.37987,0,234.77298,87.24518,0,237.35408,75.0472,0,253.04085,70.42487,0,259.31366,71.95209,0,264.0715,78.10611,0,269.25595,74.586754,0,278.31506,76.61041,0,294.07712,72.40439,0,302.70718,75.77679,0,304.30215,79.537254,0,317.96313,81.601585,0,318.30103,65.905304,0,324.87195,59.56787,0,332.72266,38.161495,0,343.6042,27.127764,0,356.444,19.879696,0,363.78833,9.812714,0,371.16397,10.340253,0,389.3085,0,0,423.87598,1.574698,0,454.9456,14.732032,0,487.8186,47.99328,0,519.0699,45.83327,0,536.9088,55.801895,0,544.4096,55.380917,0,552.00977,63.220394,0,591.036,81.858604,0,594.4084,71.61922,0,591.6438,67.45687,0,583.47565,66.899,0,576.05585,57.05633,0,567.3104,60.336674,0,550.0192,51.07506,0,548.33734,41.189335,0,559.7561,34.446537,0,572.15356,37.108627,0,580.3437,46.439026,0,273.69998,403,0,263.2484,411.3363,0,255.8156,404.31015,0,263.20712,396.06674,0,273.69998,402,0,43.172794,381.2728,0,27.521206,386.62326,0,23.838243,376.03867,0,33.09348,370.4778,0,43.172794,375.7272,0,119.54515,355.52902,0,115.38314,364.32462,0,103.78981,368.04254,0,92.8425,360.00235,0,94.42622,352.3355,0,102.77594,346.30573,0,114.00374,346.68033,0,119.378975,353.7104,0,135.67818,259.56226,0,128.59401,266.84113,0,119.08996,267.6983,0,109.957115,258.4939,0,114.945335,247.89873,0,125.20478,246.897,0,135.15097,254.28946,0,102.03789,381.17108,0,96.17701,392.0789,0,86.75992,392.99908,0,81.34388,386.39874,0,