{"version":"0.1.0","opaqueMeshVertices":[179,304,0,176,306,0,178,311,0,181,309,0,180.06065,304.43933,0,221.56065,277.06067,0,221.06065,274.43933,0,218.43935,274.93933,0,221.06065,277.56067,0,182.56065,286.06067,0,182.06065,283.43933,0,179.43935,283.93933,0,182.06065,286.56067,0,167.56065,385.93933,0,164.93935,382.43933,0,164.43935,388.06067,0,167.56065,388.06067,0,205,274,0,203,271,0,198.43935,272.93933,0,200.93935,276.56067,0,204.56065,275.06067,0,26.56066,22.93934,0,24.56066,10.56066,0,29,5,0,29.433367,0,0,339.56662,0,0,342,3,0,349.06067,2.5606601,0,350.43335,0,0,354.56665,0,0,354.9539,0.019100232,0,352.43933,4.0606604,0,357,7,0,357,11.378671,0,344,51,0,347,64.62133,0,346,92.37867,0,329,167.37868,0,297,238.37868,0,272.43933,265.93933,0,266.43933,275.93933,0,267.818,279.43933,0,264,282,0,267.56064,297.81802,0,265,319,0,268,344.62134,0,266,363,0,267.87866,370.5,0,264,383.37866,0,253,406.37866,0,233.37868,427,0,222.93935,431.43933,0,204.81802,448.56067,0,201.12132,446.5,0,202.06065,390.43933,0,198.43935,390.93933,0,195,406,0,180.62132,405,0,175.43935,401.93933,0,175,427.37866,0,171.43935,433.93933,0,174.87868,439.5,0,174.87868,446.5,0,171.62132,449,0,149.06065,428.43933,0,138.62132,424,0,127,413.37866,0,109,385.37866,0,107,375.37866,0,107,273,0,110.06066,273.56067,0,113,270,0,106.56066,257.93933,0,95,247.3787,0,77,218.3787,0,63.56066,179.93935,0,51,155.3787,0,39,109.37868,0,36.121323,77.5,0,37.56066,47.93934,0,27,24,0,38.56066,15.06066,0,35.93934,12.43934,0,35.43934,15.06066,0,38.06066,15.56066,0],"opaqueMeshIndices":[12,9,57,57,9,19,57,19,56,56,19,20,56,20,55,55,20,21,55,21,53,53,21,17,53,17,52,52,17,7,52,7,8,57,3,12,12,3,4,12,4,11,11,4,0,11,0,1,58,59,1,58,1,2,58,2,3,58,3,57,64,65,15,64,15,16,64,16,61,64,61,62,64,62,63,46,47,45,45,47,49,45,49,43,43,49,50,43,50,51,8,5,52,52,5,26,52,26,43,43,26,41,43,41,42,35,36,37,35,37,26,35,26,27,35,27,28,35,28,34,26,37,38,26,38,39,26,39,40,26,40,41,26,5,6,26,6,7,26,7,17,26,17,18,26,18,19,26,19,9,26,9,10,26,10,11,26,11,72,26,72,73,26,73,74,26,74,75,26,75,76,26,76,77,26,77,78,26,78,82,26,82,83,26,83,25,1,59,60,1,60,61,1,61,16,1,16,13,1,13,14,1,14,65,1,65,11,71,72,67,67,72,11,67,11,66,66,11,65,83,84,25,25,84,80,25,80,24,24,80,81,24,81,22,32,33,34,32,34,28,32,28,29,32,29,30,32,30,31,78,79,80,78,80,85,78,85,82,71,67,68,71,68,69,71,69,70,24,22,23,80,84,85,55,53,54,45,43,44,65,14,15,52,43,51,49,47,48],"semiMeshVertices":[23.196976,174.21889,0,12.952452,159.31503,0,8.381994,140.3132,0,10.333978,123.45425,0,14.27507,115.79576,0,1.1764259,116.62769,0,-2.467966,107.38509,0,-2.0402465,94.17703,0,7.750045,88.100975,0,5.3513546,80.20724,0,7.7796693,54.00455,0,11.864955,47.015095,0,22.548931,42.783318,0,13.300807,16.084217,0,12.802663,0,0,15.202224,0,0,366.79688,0,0,369.19562,0,0,365.62228,25.823294,0,356.95096,46.564705,0,358.66763,80.53264,0,348.43484,143.02925,0,357.13956,152.35434,0,359.61093,185.11516,0,346.26862,196.14938,0,347.53375,201.16933,0,343.7244,212.52814,0,321.55396,214.50406,0,319.68063,234.4122,0,313.22012,251.10744,0,302.64398,259.1164,0,299.1787,267.0448,0,293.6679,267.58185,0,303.65784,273.86453,0,303.47293,281.79504,0,293.9213,291.45905,0,279.0236,294.95273,0,288.69937,314.0542,0,288.25897,323.92004,0,279.5214,335.6832,0,297.17957,335.20303,0,301.20676,342.97583,0,300.1013,353.0547,0,293.90964,363.1191,0,279.5002,365.80725,0,278.1483,388.1332,0,262.99097,415.27335,0,248.92203,430.28555,0,213.29636,456.61172,0,201.3139,460.49924,0,191.5334,453.0434,0,190.58719,416.549,0,185.26448,416.36328,0,185.32878,451.256,0,180.94205,458.199,0,173.81053,460.51196,0,162.58824,456.57114,0,127.0764,430.2844,0,112.70845,414.87543,0,97.32183,386.4378,0,96.0069,267.94278,0,75.33112,242.31743,0,57.61158,208.5524,0,50.372124,212.40378,0,37.912163,205.47168,0,28.35051,177.32777,0,33.78581,151.84355,0,36.075268,145.1093,0,31.086967,125.1445,0,27.786402,139.5553,0,387.6401,290.31717,0,389.12143,301.56277,0,381.8698,306.42657,0,376.32986,300.4883,0,377.41104,283.2031,0,385.89368,280.14597,0,388.58893,288.77597,0,180.06065,304.43933,0,181,309,0,178,311,0,176,306,0,179,304,0,221.06065,277.56067,0,218.43935,274.93933,0,221.06065,274.43933,0,221.56065,277.06067,0,182.06065,286.56067,0,179.43935,283.93933,0,182.06065,283.43933,0,182.56065,286.06067,0,167.56065,388.06067,0,164.43935,388.06067,0,164.93935,382.43933,0,167.56065,385.93933,0,204.56065,275.06067,0,200.93935,276.56067,0,198.43935,272.93933,0,203,271,0,205,274,0,27,24,0,37.56066,47.93934,0,36.121323,77.5,0,39,109.37868,0,51,155.3787,0,63.56066,179.93935,0,77,218.3787,0,95,247.3787,0,106.56066,257.93933,0,113,270,0,110.06066,273.56067,0,107,273,0,107,375.37866,0,109,385.37866,0,127,413.37866,0,138.62132,424,0,149.06065,428.43933,0,171.62132,449,0,174.87868,446.5,0,174.87868,439.5,0,171.43935,433.93933,0,175,427.37866,0,175.43935,401.93933,0,180.62132,405,0,195,406,0,198.43935,390.93933,0,202.06065,390.43933,0,201.12132,446.5,0,204.81802,448.56067,0,222.93935,431.43933,0,233.37868,427,0,253,406.37866,0,264,383.37866,0,267.87866,370.5,0,266,363,0,268,344.62134,0,265,319,0,267.56064,297.81802,0,264,282,0,267.818,279.43933,0,266.43933,275.93933,0,272.43933,265.93933,0,297,238.37868,0,329,167.37868,0,346,92.37867,0,347,64.62133,0,344,51,0,357,11.378671,0,357,7,0,352.43933,4.0606604,0,354.9539,0.019100232,0,354.56665,0,0,350.43335,0,0,349.06067,2.5606601,0,342,3,0,339.56662,0,0,29.433367,0,0,29,5,0,24.56066,10.56066,0,26.56066,22.93934,0,38.06066,15.56066,0,35.43934,15.06066,0,35.93934,12.43934,0,38.56066,15.06066,0],"semiMeshIndices":[54,55,117,54,117,120,54,120,121,54,121,122,54,122,52,54,52,53,41,42,40,40,42,43,40,43,39,39,43,44,39,44,36,36,44,45,36,45,140,140,45,134,140,134,138,138,134,136,138,136,137,140,141,36,36,141,32,36,32,35,35,32,33,35,33,34,21,22,23,21,23,24,21,24,144,21,144,146,21,146,19,21,19,20,75,76,70,75,70,71,75,71,72,75,72,74,148,149,147,147,149,16,147,16,146,146,16,18,146,18,19,26,27,142,26,142,143,26,143,24,26,24,25,29,30,142,29,142,27,29,27,28,31,32,141,31,141,142,31,142,30,133,134,132,132,134,45,132,45,131,131,45,46,131,46,130,130,46,47,130,47,129,129,47,128,124,126,49,49,126,127,49,127,48,48,127,128,48,128,47,123,124,49,123,49,50,123,50,51,123,51,52,123,52,122,114,115,56,56,115,116,56,116,55,55,116,117,111,112,58,58,112,113,58,113,57,57,113,114,57,114,56,107,108,110,107,110,111,107,111,59,107,59,60,107,60,106,106,60,105,105,60,61,105,61,104,104,61,62,104,62,103,103,62,63,103,63,102,102,63,64,102,64,101,101,64,67,101,67,68,67,64,66,66,64,65,66,65,69,69,65,157,69,157,158,101,68,100,100,68,69,100,69,99,99,69,158,157,65,0,157,0,12,157,12,15,157,15,155,157,155,156,153,154,151,153,151,152,39,36,37,39,37,38,4,5,8,4,8,10,4,10,11,4,11,12,4,12,0,4,0,1,4,1,3,5,6,7,5,7,8,81,77,78,81,78,79,81,79,80,82,83,84,82,84,85,86,87,88,86,88,89,90,91,92,90,92,93,97,98,94,97,94,95,97,95,96,118,119,120,118,120,117,13,14,15,13,15,12,159,160,161,159,161,162,110,108,109,10,8,9,3,1,2,125,126,124,140,138,139,136,134,135,144,24,143,59,111,58,16,149,150,18,16,17,146,144,145,74,72,73],"sourceBounds":{"x":0,"y":0,"width":384,"height":460}}